ALGERIA@2@IGEE@
AU@1@ADELAIDE@THE UNIVERSITY OF ADELAIDE
AU@1@ANU@THE AUSTRALIAN NATIONAL UNIVERSITY
AU@4@BUREAU OF METEOROLOGY TRAINING CENTRE@
AU@2@CANBERRA@UNIVERSITY OF CANBERRA
AU@2@CURTIN@CURTIN UNIVERSITY
AU@3@EDITH COWAN UNIVERSITY@
AU@2@GRIFFITH@GRIFFITH UNIVERSITY
AU@2@MACQUARIE@MACQUARIE UNIVERSITY
AU@1@MELBOURNE@THE UNIVERSITY OF MELBOURNE
AU@1@MONASH@MONASH UNIVERSITY
AU@3@MURDOCH@MURDOCH UNIVERSITY
AU@2@QUT@QUEENSLAND UNIVERSITY OF TECHNOLOGY, AUSTRALIA
AU@2@RMIT@RMIT UNIVERSITY
AU@1@SYDNEY@THE UNIVERSITY OF SYDNEY
AU@3@UNIVERSITY OF SOUTHERN QUEENSLAND@
AU@3@UNIVERSITY OF WESTERN SYDNEY@
AU@1@UNSW@THE UNIVERSITY OF NEW SOUTH WALES
AU@1@UQ@THE UNIVERSITY OF QUEENSLAND
AU@1@UWA@THE UNIVERSITY OF WESTERN AUSTRALIA
AU@3@WOLLONGONG@UNIVERSITY OF WOLLONGONG
BURKINA FASO@3@AUBE NOUVELLE UNIVERSITY@
CA@1@ALBERTA@UNIVERSITY OF ALBERTA
CA@2@CALGARY@UNIVERSITY OF CALGARY
CA@2@SIMON FRASER@SIMON FRASER UNIVERSITY
CA@1@TORONTO@UNIVERSITY OF TORONTO
CA@1@UBC@THE UNIVERSITY OF BRITISH COLUMBIA
CA@1@WATERLOO@UNIVERSITY OF WATERLOO
CA@1@MCGILL@MCGILL UNIVERSITY
CN@2@ZUEL@"ZHONGNAN UNIVERSITY OF ECONOMICS & LAW, WUHAN"
CN@3@ANHUI@ANHUI UNIVERSITY
CN@3@ANHUI MEDICAL UNIVERSITY@
CN@1@BEIHANG@BEIHANG UNIVERSITY
CN@3@BEIJING FORESTRY UNIVERSITY@
CN@4@BEIJING LANGUAGE & CULTURE UNIVERSITY@
CN@3@BEIJING UNIVERSITY OF CHEMICAL TECHNOLOGY@
CN@2@BEIJING UNIVERSITY OF SCIENCE & TECHNOLOGY@
CN@3@BFSU@BEIJING FOREIGN STUDIES UNIVERSITY
CN@1@BIT@BEIJING INSTITUTE OF TECHNOLOGY
CN@2@BJTU@BEIJING JIAOTONG UNIVERSITY
CN@2@BJUT@BEIJING UNIVERSITY OF TECHNOLOGY
CN@2@BNU@BEIJING NORMAL UNIVERSITY
CN@3@BNU-HKBU@BNU-HKBU UNITED INTERNATIONAL COLLEGE@
CN@3@BNU(Zhuhai)@BEIJING NORMAL UNIVERSITY, ZHUHAI@
CN@2@BUPT@BEIJING UNIVERSITY OF POST & TELECOMMUNICATIONS
CN@1@CAU@CHINA AGRICULTURAL UNIVERSITY, BEIJING
CN@4@CAUC@CIVIL AVIATION UNIVERSITY OF CHINA
CN@3@CCNU@CENTRAL CHINA NORMAL UNIVERSITY@
CN@3@CENTRAL FINANCE & ECONOMICS UNIVERSITY@
CN@4@CHINA JILIANG UNIVERSITY@
CN@3@CHINA UNIVERSITY OF GEOLOGICAL SCIENCES (WUHAN)@
CN@3@CHINA UNIVERSITY OF MINING AND TECHNOLOGY@
CN@2@CHONGQING@CHONGQING UNIVERSITY
CN@4@CHONGQING UNIVERSITY OF TECHNOLOGY@
CN@1@CSU@CENTRAL SOUTH UNIVERSITY
CN@3@CUC@COMMUNICATION UNIVERSITY OF CHINA
CN@3@CUFE@CENTRAL UNIVERSITY OF FINANCE & ECONOMICS
CN@1@CUHK(SHENZHEN)@THE CHINESE UNIVERSITY OF HONG KONG (SHENZHEN)
CN@4@CUIT@CHENGDU UNIVERSITY OF INFORMATION TECHNOLOGY
CN@2@CUPT@CHONGQING UNIVERSITY OF POST & TELECOMMUNICATIONS
CN@3@DALIAN MARITIME@DALIAN MARITIME UNIVERSITY
CN@3@DHU@DONG HUA UNIVERSITY, SHANGHAI
CN@2@DLUT@DALIAN UNIVERSITY OF TECHNOLOGY
CN@4@EAST CHINA UNIVERSITY OF POLITICAL SCIENCE AND LAW@
CN@2@ECNU@EAST CHINA NORMAL UNIVERSITY
CN@0@FUDAN@FUDAN UNIVERSITY
CN@3@FUZHOU@FUZHOU UNIVERSITY
CN@4@GDUT@GUANGDONG UNIVERSITY OF TECHNOLOGY
CN@2@GUANGZHOU@GUANGZHOU UNIVERSITY
CN@4@GUANGZHOU CIVIL AVIATION COLLEGE@
CN@4@GUILIN UNIVERSITY OF ELECTRONIC TECHNOLOGY@
CN@4@GUILIN UNIVERSITY OF TECHNOLOGY@
CN@3@HAINAN@HAINAN UNIVERSITY
CN@2@HDU@HANGZHOU DIANZI UNIVERSITY
CN@3@HEBUT@HEBEI UNIVERSITY OF TECHNOLOGY
CN@3@HENAN POLYTECHNIC UNIVERSITY@
CN@2@HEU@HARBIN ENGINEERING UNIVERSITY
CN@2@HFUT@HEFEI UNIVERSITY OF TECHNOLOGY
CN@1@HIT@HARBIN INSTITUTE OF TECHNOLOGY
CN@2@HIT(WEIHAI)@HARBIN INSTITUTE OF TECHNOLOGY AT WEIHAI
CN@3@HOHAI@HOHAI UNIVERSITY
CN@4@HUA QIAO@HUA QIAO UNIVERSITY
CN@2@HUNAN@HUNAN UNIVERSITY
CN@0@HUST@HUAZHONG UNIVERSITY OF SCIENCE & TECHNOLOGY
CN@3@HAU@HUAZHONG AGRICULTURAL UNIVERSITY
CN@4@IMU@INNER MONGOLIA UNIVERSITY
CN@3@JIANGNAN @JIANGNAN UNIVERSITY
CN@4@JIANGXI NORMAL@JIANGXI NORMAL UNIVERSITY
CN@1@JILIN@JILIN UNIVERSITY
CN@3@JINAN@JINAN UNIVERSITY
CN@4@JINLING INSTITUTE OF TECHNOLOGY@
CN@2@LANZHOU@LANZHOU UNIVERSITY
CN@3@MINZU@MINZU UNIVERSITY OF CHINA
CN@3@NANCHANG@NANCHANG UNIVERSITY
CN@0@NANJING@NANJING UNIVERSITY
CN@2@NNU@NANJING NORMAL UNIVERSITY
CN@2@ECUST@EAST CHINA UNIVERSITY OF SCIENCE & TECHNOLOGY
CN@2@TYUT@TAIYUAN UNIVERSITY OF TECHNOLOGY
CN@2@CUP@CHINA UNIVERSITY OF PETROLEUM (BEIJING)
CN@2@NANKAI@NANKAI UNIVERSITY
CN@1@NEU(CN)@NORTHEASTERN UNIVERSITY
CN@4@NEW YORK UNIVERSITY SHANGHAI@
CN@4@NORTH CHINA ELECTRIC POWER UNIVERSITY@
CN@4@NORTHEAST ELECTRIC POWER UNIVERSITY@
CN@3@NORTHEAST FORESTRY UNIVERSITY@
CN@3@NORTHEAST NORMAL UNIVERSITY@
CN@3@NOTTINGHAM(NINGBO)@UNIVERSITY OF NOTTINGHAM NINGBO CHINA
CN@2@NUAA@NANJING UNIVERSITY OF AERONAUTICS & ASTRONAUTICS
CN@1@NUDT@NATIONAL UNIVERSITY OF DEFENSE TECHNOLOGY
CN@4@NUPT@NANJING UNIVERSITY OF POSTS & TELECOMMUNICATIONS
CN@2@NUST@NANJING UNIVERSITY OF SCIENCE & TECHNOLOGY
CN@4@NUT@NANJING UNIVERSITY OF TECHNOLOGY
CN@1@NWU(CN)@NORTHWEST UNIVERSITY
CN@3@OUC@OCEAN UNIVERSITY OF CHINA
CN@0@PEKING@PEKING UNIVERSITY
CN@1@RENMIN@RENMIN UNIVERSITY OF CHINA
CN@1@SCUT@SOUTH CHINA UNIVERSITY OF TECHNOLOGY
CN@2@SEU@SOUTHEAST UNIVERSITY
CN@2@SHANDONG@SHANDONG UNIVERSITY
CN@4@SHANDONG UNIVERSITY OF SCIENCE & TECHNOLOGY@
CN@3@SHANGHAI@SHANGHAI UNIVERSITY
CN@4@SHANGHAI JIANQIAO UNIVERSTIY@
CN@4@SHANGHAI POLYTECHNIC UNIVERSITY@
CN@4@SHANGHAI UNIVERSITY OF SPORT@
CN@2@SHANGHAITECH UNIVERSITY@
CN@3@SHENZHEN@SHENZHEN UNIVERSITY
CN@4@SHMTU@SHANGHAI MARITIME UNIVERSITY
CN@2@SICHUAN@SICHUAN UNIVERSITY
CN@4@SICHUAN NORMAL UNIVERSITY@
CN@0@SJTU@SHANGHAI JIAO TONG UNIVERSITY
CN@2@SUFE@SHANGHAI UNIVERSITY OF FINANCE AND ECONOMICS
CN@2@SUSTECH@SOUTHERN UNIVERSITY OF SCIENCE AND TECHNOLOGY
CN@2@SWJT@SOUTHWEST JIAOTONG UNIVERSITY
CN@2@SWJTU@SOUTHWEST JIAOTONG UNIVERSITY (SWJTU) - LEEDS JOINT SCHOOL
CN@3@SWU@SOUTHWEST UNIVERSITY (CHINA)
CN@3@SWUFE@SOUTHWEST UNIVERSITY OF FINANCE & ECONOMICS
CN@3@SWUST@SOUTHWEST UNIVERSITY OF SCIENCE AND TECHNOLOGY
CN@3@SYSU@SUN YAT SEN UNIVERSITY
CN@2@TIANJIN@TIANJIN UNIVERSITY
CN@1@TONGJI@TONGJI UNIVERSITY
CN@0@TSINGHUA@TSINGHUA UNIVERSITY
CN@0@TSINGHUA(BIZ)@TSINGHUA UNIVERSITY SCHOOL OF ECONOMICS AND MANAGEMENT
CN@3@TUFE@TIANJIN UNIVERSITY OF FINANCE AND ECONOMICS
CN@1@UCAS@UNIVERSITY OF CHINESE ACADEMY OF SCIENCES
CN@1@UESTC@UNIVERSITY OF ELECTRONIC SCIENCE AND TECHNOLOGY OF CHINA
CN@4@UNITED INTERNATIONAL COLLEGE@
CN@2@UNIVERSITY OF INTERNATIONAL BUSINESS & ECONOMICS@
CN@4@UNIVERSITY OF INTERNATIONAL RELATIONS@
CN@0@USTC@UNIVERSITY OF SCIENCE & TECHNOLOGY OF CHINA
CN@1@WUHAN@WUHAN UNIVERSITY
CN@3@WUHAN UT@WUHAN UNIVERSITY OF TECHNOLOGY
CN@2@XIAMEN@XIAMEN UNIVERSITY
CN@1@XIDIAN@XIDIAN UNIVERSITY
CN@1@XJTU@XI'AN JIAOTONG UNIVERSITY
CN@2@XJTU(LIVERPOOL)@XI'AN JIAOTONG-LIVERPOOL UNIVERSITY
CN@4@ZHEJIANG UNIVERSITY OF FINANCE & ECONOMICS@
CN@4@ZHEJIANG UNIVERSITY OF TECHNOLOGY@
CN@3@ZHENGZHOU UNIVERSITY@
CN@0@ZJU@ZHEJIANG UNIVERSITY
DENMARK@1@COPENHAGEN@UNIVERSITY OF COPENHAGEN
DK@2@KARLSRUHE INSTITUTE @KARLSRUHE INSTITUTE OF TECHNOLOGY
FI@2@SEINAJOKI@"SEINAJOKI UNIVERSITY OF APPLIED SCIENCES, FINLAND"
FR@1@HOCHE@"LYCEE HOCHE, VERSAILLES"
FR@1@ESILV@Leonardo da Vinci Engineering School
FR@1@STANISLAS@COLLEGE STANISLAS PARIS
FR@2@EDHEC@EDHEC BUSINESS SCHOOL@
FR@1@HEC@HAUTES ETUDES COMMERCIALES (HEC) PARIS
FR@2@LYC??E F??NELON SAINTE-MARIE@
FR@2@LYC??E PASTEUR NEUILLY@
FR@2@LYC??E SAINT-LOUIS / LYC??E CHARLEMAGNE@
FR@3@OTHER INSTITUTE@
FR@1@PARISTECH@TELECOM PARISTECH
FR@1@SUPELEC@CENTRALESUPELEC - ECOLE CENTRALE PARIS
FR@2@UNIVERSITE FRANCOIS-RABELAIS DE TOURS@
HK@1@CITYU@CITY UNIVERSITY OF HONG KONG
HK@1@CUHK@THE CHINESE UNIVERSITY OF HONG KONG
HK@3@EDUHK@THE EDUCATION UNIVERSITY OF HONG KONG
HK@2@HKBU@HONG KONG BAPTIST UNIVERSITY
HK@2@HKP@THE HONG KONG POLYTECHNIC UNIVERSITY
HK@1@HKU@THE UNIVERSITY OF HONG KONG
HK@1@HKUST@HONG KONG UNIVERSITY OF SCIENCE & TECHNOLOGY
HK@3@HSUHK@THE HANG SENG UNIVERSITY OF HONG KONG
HU@1@BUDAPEST@CORVINUS UNIVERSITY OF BUDAPEST@
ID@3@ISTTS@"SEKOLAH TINGGI TEKNIK SURABAYA, INDONESIA"
ID@2@BINUS@UNIVERSITAS BINA NUSANTARA
ID@1@ITS@SEPULUH NOPEMBER INST OF TECH, INDONESIA
ID@2@PETRA CHRISTIAN@PETRA CHRISTIAN UNIVERSITY
ID@3@UNIVERSITAS PELITA HARAPAN@
ID@1@UOI@UNIVERSITY OF INDONESIA
IN@3@ASSAM@"ASSAM UNIVERSITY, SILCHAR, ASSAM"
IN@1@MALAVIYA@"MALAVIYA NATIONAL INSTITUTE OF TECHNOLOGY, JAIPUR"
IN@1@MNREC@"MOTILAL NEHRU NATIONAL INST OF TECH, ALLAHABAD"
IN@2@RTU@"RAJASTHAN TECHNICAL UNIVERSITY, KOTA"
IN@3@SKIT@"SWAMI KESHVANAND INSTITUTE OF TECHNOLOGY, MANAGEMENT AND GRAMOTHAN"
IN@3@MAKAUT@"WEST BENGAL UNIVERSITY OF TECHNOLOGY, KOLKATA"
IN@2@ABDUL KALAM@DR. A.P.J. ABDUL KALAM TECHNICAL UNIVERSITY
IN@2@ACHARYA NAGARJUNA UNIVERSITY@
IN@1@AMRITA@AMRITA VISHWA VIDYAPEETHAM UNIVERSITY
IN@1@ANNA@ANNA UNIVERSITY
IN@2@SREC@SRI RAMAKRISHNA ENGINEERING COLLEGE
IN@2@KCT@KUMARAGURU COLLEGE OF TECHNOLOGY
IN@2@VSSUT@VEER SURENDRA SAI UNIVERSITY OF TECHNOLOGY
IN@0@ANNA(GUINDY)@COLLEGE OF ENGINEERING, GUINDY (ANNA UNIV)
IN@1@BHARATI VIDYAPEETH DEEMED UNIVERSITY@
IN@2@BIRLA(RANCHI)@BIRLA INST OF TECHNOLOGY, RANCHI
IN@2@BITS(HYDERABAD)@BIRLA INSTITUTE OF TECHNOLOGY & SCIENCE, PILANI - HYDERABAD
IN@1@BITS(PILANI)@BIRLA INSTITUTE OF TECHNOLOGY AND SCIENCE (PILANI, RAJASTHAN)
IN@2@COIMBATORE INSTITUTE OF TECHNOLOGY@
IN@1@CUSAT@COCHIN UNIVERSITY OF SCIENCE & TECHNOLOGY
IN@3@DAYALBAGH EDUCATIONAL INSTITUTE (DEEMED UNIVERSITY)@
IN@4@DAYANANDA SAGAR UNIVERSITY@
IN@1@DELHI(COE)@DELHI COLLEGE OF ENGINEERING
IN@2@DELHI(TU)@DELHI TECHNOLOGICAL UNIVERSITY
IN@2@DHIRUBHAI AMBANI INSTITUTE OF INFORMATION AND COMMUNICATION TECHNOLOGY@
IN@4@DIRECTORATE OF TECHNICAL EDUCATION@
IN@3@DR. C. V. RAMAN UNIVERSITY@
IN@4@DWARKADAS. J. SANGHVI COLLEGE OF ENGINEERING@
IN@4@GAUTAM BUDDH TECHNICAL UNIVERSITY@
IN@1@IIIT(ALLAHABAD)@INDIAN INSTITUTE OF INFORMATION TECHNOLOGY, ALLAHABAD
IN@1@IIIT(DELHI)@INDRAPRASTHA INSTITUTE OF INFORMATION TECHNOLOGY, DELHI
IN@1@IIIT(GUWAHATI)@INDIAN INSTITUTE OF INFORMATION TECHNOLOGY, GUWAHATI
IN@1@IIIT(HYDERABAD)@INTERNATIONAL INSTITUTE OF INFORMATION TECHNOLOGY, HYDERABAD
IN@1@IIIT(KANCHEEPURAM)@INDIAN INSTITUTE OF INFORMATION TECHNOLOGY, DESIGN AND MANUFACTURING, KANCHEEPURAM
IN@0@IIT@INDIAN INSTITUTE OF TECHNOLOGY
IN@0@IIT(BHUBANESWAR)@INDIAN INSTITUTE OF TECHNOLOGY BHUBANESWAR
IN@0@IIT(DELHI)@INDIAN INSTITUTE OF TECHNOLOGY, DELHI (NEW DELHI)
IN@0@IIT(GUWAHATI)@INDIAN INSTITUTE OF TECHNOLOGY, GUWAHATI
IN@1@IIT(MANDI)@INDIAN INSTITUTE OF TECHNOLOGY, MANDI
IN@0@IIT(ROORKEE)@INDIAN INSTITUTE OF TECHNOLOGY ROORKEE
IN@0@IIT(VARANASI)@INDIAN INSTITUTE OF TECHNOLOGY (BANARAS HINDU UNIVERSITY), VARANASI
IN@4@INDIRA GANDHI INSTITUTE OF TECHNOLOGY (DELHI)@
IN@2@INDRAPRASTHA@GURU GOBIND SINGH INDRAPRASTHA UNIVERSITY
IN@3@INTERNATIONAL FORENSIC SCIENCE INSTITUTE@
IN@1@ISI@INDIAN STATISTICAL INSTITUTE, BANGALORE
IN@3@JIIT@JAYPEE INSTITUTE OF INFORMATION TECHNOLOGY
IN@1@JNTUH@JAWAHARLAL NEHRU TECHNOLOGICAL UNIVERSITY
IN@1@KALAM AZAD@MAULANA ABUL KALAM AZAD UNIVERSITY OF TECHNOLOGY
IN@2@KERALA@UNIVERSITY OF KERALA
IN@2@KIIT UNIV@KIIT UNIVERSITY
IN@1@MADRAS INSTITUTE OF TECHNOLOGY@
IN@2@MAGADH UNIVERSITY@
IN@3@MAHARSHI DAYANAND UNIVERSITY@
IN@1@MAHATMA GANDHI UNIVERSITY@
IN@1@MANIPAL UNIVERSITY@
IN@1@MANIPAL UNIVERSITY JAIPUR@
IN@3@MEENAKSHI SUNDARARAJAN ENGINEERING COLLEGE@
IN@2@MIT(Manipal)@MANIPAL INSTITUTE OF TECHNOLOGY, MANIPAL
IN@1@MUMBAI@UNIVERSITY OF MUMBAI
IN@1@NATIONAL INSTITUTE OF TECHNOLOGY@
IN@4@NETAJI SUBHAS INSTITUTE OF TECHNOLOGY@
IN@3@NIIT UNIVERSITY@
IN@2@NIRMA UNIVERSITY@
IN@1@NIT(KARNATAKA)@NATIONAL INSTITUTE OF TECHNOLOGY, KARNATAKA
IN@1@NIT(KURUKSHETRA)@NATIONAL INSTITUTE OF TECHNOLOGY, KURUKSHETRA
IN@2@KURUKSHETRA UNIVERSITY@
IN@3@BANGALORE UNIVERSITY@
IN@1@NIT(ROURKELA)@NATIONAL INSTITUTE OF TECHNOLOGY, ROURKELA
IN@1@NIT(SILCHAR)@NATIONAL INSTITUTE OF TECHNOLOGY, SILCHAR
IN@1@NIT(TIRUCHIRAPPALLI)@NATIONAL INSTITUTE OF TECHNOLOGY, TIRUCHIRAPPALLI
IN@2@NITTE MEENAKSHI INSTITUTE OF TECHNOLOGY@
IN@3@NMIMS@NARSEE MONJEE INSTITUTE OF MANAGEMENT STUDIES
IN@2@NORTH EASTERN HILL UNIVERSITY@
IN@4@PANIMALAR INSTITUTE OF TECHNOLOGY @
IN@1@PEC@PUNJAB ENGINEERING COLLEGE, DEEMED UNIVERSITY
IN@2@PES UNIV@PES UNIVERSITY
IN@1@PONDICHERRY@PONDICHERRY UNIVERSITY@
IN@2@PSG@PSG COLLEGE OF TECHNOLOGY
IN@1@PUNE@SAVITRIBAI PHULE PUNE UNIVERSITY
IN@3@R.V. COLLEGE OF ENGINEERING@
IN@3@RAMGARH ENGINEERING COLLEGE JHARKHAND @
IN@1@SHIV NADAR@SHIV NADAR UNIVERSITY
IN@2@SIKKIM MANIPAL UNIVERSITY@
IN@4@SRI SAIRAM INSTITUTE OF TECHNOLOGY@
IN@1@SRI SIVASUBRAMANIYA NADAR COLLEGE OF ENGINEERING@
IN@1@SRM INST@SRM INSTITUTE OF SCIENCE & TECHNOLOGY
IN@3@SRM UNIV@SRM UNIVERSITY
IN@1@THAPAR INSTITUTE OF ENGINEERING & TECHNOLOGY@
IN@1@THIAGARAJAR COLLEGE OF ENGINEERING@
IN@1@UNIVERSITY OF DELHI@
IN@2@UNIVERSITY OF PETROLEUM & ENERGY STUDIES@
IN@1@UOC@CALICUT UNIVERSITY
IN@1@VIT@VIT UNIVERSITY
IN@1@VTU@VISVESVARAYA TECHNOLOGICAL UNIVERSITY
IN@1@VTU(BELGAUM)@VISVESWARAIAH TECHNOLOGICAL UNIVERSITY, BELGAUM
IRELAND@1@DUBLIN@TRINITY COLLEGE DUBLIN
IRELAND@1@NUI(DUBLIN)@NATIONAL UNIVERSITY OF IRELAND, DUBLIN (OLLSCOIL NA HEIREANN)
IRELAND@1@UCD@UNIVERSITY COLLEGE DUBLIN
KR@3@CHUNG-ANG UNIVERSITY@
KR@3@HONGIK UNIVERSITY@
KR@1@YONSEI@YONSEI UNIVERSITY@
MA@3@UITYangon@"UNIVERSITY OF INFORMATION TECHNOLOGY, YANGON"
MA@3@UNIVERSITY OF TECHNOLOGY (YATANARPON CYBER CITY)@
MA@3@YANGON INSTITUTE OF ECONOMICS@
MA@2@YANGON TECHNOLOGICAL UNIVERSITY@
MO@1@MACAU@UNIVERSITY OF MACAU
MO@2@MACAU UST@MACAU UNIVERSITY OF SCIENCE AND TECHNOLOGY
MY@2@MONASH(MSIA)@MONASH UNIVERSITY MALAYSIA
MY@2@THE NATIONAL UNIVERSITY OF MALAYSIA@
MY@1@USM@UNIVERSITY OF SCIENCE MALAYSIA
MY@1@UM@UNIVERSITY OF MALAYA
MY@2@UTM@UNIVERSITY OF TECHNOLOGY MALAYSIA
MY@3@XIAMEN(MSIA)@XIAMEN UNIVERSITY MALAYSIA CAMPUS
NL@1@AMSTERDAM@UNIVERSITY OF AMSTERDAM
NO@1@OSLO@UNIVERSITY OF OSLO
NZ@1@AUCKLAND@THE UNIVERSITY OF AUCKLAND
NZ@1@WAIKATO@UNIVERSITY OF WAIKATO
OMAN@2@COLLEGE OF APPLIED SCIENCES@
OMAN@1@SULTAN QABOOS UNIVERSITY@
PH@2@ATENEODavao@"ATENEO DE DAVAO UNIVERSITY, DAVAO CITY"
PH@4@AMA COMPUTER UNIVERSITY@
PH@2@UNIVERSITY OF SAN CARLOS@
PH@2@UP(VISAYAS)@UNIVERSITY OF THE PHILIPPINES VISAYAS
PK@1@NATIONAL UNIVERSITY OF SCIENCES & TECHNOLOGY@
PK@1@PUNJAB@UNIVERSITY OF THE PUNJAB
PK@2@PUNJAB UNIVERSITY COLLEGE OF INFORMATION TECHNOLOGY@
RU@3@MILITARY UNIVERSITY OF THE  MINISTRY OF DEFENCE OF THE RUSSIAN FEDERATION@
RU@2@SOUTHERN FEDERAL UNIVERSITY@
RU@2@VSTU@Volgograd State Technical University
SA@3@IMAM ABDULRAHMAN BIN FAISAL UNIVERSITY@
SA@2@KAUST@KING ABDULLAH UNIVERSITY OF SCIENCE AND TECHNOLOGY
SA@1@KFUPM@KING FAHD U OF PETROLEUM & MIN, DHAHRAN, S ARABIA
SA@3@PRINCE MOHAMMAD BIN FAHD UNIVERSITY@
SG@4@AI SINGAPORE@
SG@5@ASIAN PASTORAL INSTITUTE@
SG@5@AUSTON INTERNATIONAL COLLEGE@
SG@5@BCA ACADEMY@
SG@3@DIGIPEN(SPORE)@DIGIPEN INSTITUTE OF TECHNOLOGY SINGAPORE
SG@4@GENERAL ASSEMBLY SINGAPORE@
SG@3@HERIOT-WATT@HERIOT-WATT UNIVERSITY
SG@5@INFORMATICS ACADEMY@
SG@2@ISS@INSTITUTE OF SYSTEMS SCIENCE
SG@4@KAPLAN SINGAPORE@
SG@5@NA@
SG@4@NP@NGEE ANN POLYTECHNIC
SG@1@NTU@NANYANG TECHNOLOGICAL UNIVERSITY
SG@1@NUS@NATIONAL UNIVERSITY OF SINGAPORE
SG@4@NYP@NANYANG POLYTECHNIC
SG@5@PSB ACADEMY@
SG@4@RP@REPUBLIC POLYTECHNIC
SG@3@SIM@SINGAPORE INSTITUTE OF MANAGEMENT
SG@2@SIT@SINGAPORE INSTITUTE OF TECHNOLOGY
SG@1@SMU@SINGAPORE MANAGEMENT UNIVERSITY
SG@4@SP@SINGAPORE POLYTECHNIC
SG@2@SUSS@SINGAPORE UNIVERSITY OF SOCIAL SCIENCES
SG@1@SUTD@SINGAPORE UNIVERSITY OF TECHNOLOGY AND DESIGN
SG@4@TP@TEMASEK POLYTECHNIC
SG@1@YALE-NUS@YALE-NUS COLLEGE
SL@3@RAJARATA UNIVERSITYOF SRI LANKA@
SL@2@WAYAMBA UNIVERSITY OF SRI LANKA@
TW@2@FCU@FENG CHIA UNIVERSITY
TW@3@FJCU@FUJEN CATHOLIC UNIVERSITY
TW@1@NCCU@NATIONAL CHENGCHI UNIVERSITY@
TW@1@NATIONAL TAIWAN UNIVERSITY OF SCIENCE & TECHNOLOGY@
TW@1@NCTU@NATIONAL CHIAO TUNG UNIVERSITY
TW@1@NTU(TAIWAN)@NATIONAL TAIWAN UNIVERSITY
UAE@3@MAHE@MANIPAL ACADEMY OF HIGHER EDUCATION
UK@2@BIRMINGHAM@UNIVERSITY OF BIRMINGHAM
UK@2@BRADFORD@BRADFORD UNIVERSITY
UK@3@BUCKINGHAM@UNIVERSITY OF BUCKINGHAM
UK@1@CAMBRIDGE@UNIVERSITY OF CAMBRIDGE
UK@3@CHARTERED INSURANCE INSTITUTE@
UK@2@COVENTRY@COVENTRY UNIVERSITY
UK@1@EDINBURGH@THE UNIVERSITY OF EDINBURGH
UK@3@ESSEX@UNIVERSITY OF ESSEX
UK@2@GLASGOW@UNIVERSITY OF GLASGOW
UK@3@GREENWICH@UNIVERSITY OF GREENWICH
UK@1@IMPERIAL@IMPERIAL COLLEGE LONDON
UK@2@LEEDS@UNIVERSITY OF LEEDS
UK@2@LIVERPOOL@UNIVERSITY OF LIVERPOOL
UK@2@LONDON@UNIVERSITY OF LONDON
UK@2@LONDON(CITY)@CITY, UNIVERSITY OF LONDON
UK@2@LONDON(HOLLOWAY)@ROYAL HOLLOWAY, UNIVERSITY OF LONDON
UK@1@LSE@LONDON SCHOOL OF ECONOMICS AND POLITICAL SCIENCE
UK@1@MANCHESTER@THE UNIVERSITY OF MANCHESTER
UK@3@NCC EDUCATION@
UK@2@NOTTINGHAM@THE UNIVERSITY OF NOTTINGHAM
UK@1@OXFORD@UNIVERSITY OF OXFORD
UK@3@OXFORD BROOKES UNIVERSITY@
UK@2@QMUL@QUEEN MARY, UNIVERSITY OF LONDON
UK@2@SOUTHAMPTON@UNIVERSITY OF SOUTHAMPTON
UK@2@ST ANDREWS@UNIVERSITY OF ST ANDREWS
UK@2@SURREY@UNIVERSITY OF SURREY
UK@2@SUSSEX@UNIVERSITY OF SUSSEX
UK@3@SWANSEA UNIVERSITY@
UK@3@THE CQF INSTITUTE@
UK@1@UCL@UNIVERSITY COLLEGE LONDON
UK@3@UNIVERSITY OF DERBY@
UK@3@UNIVERSITY OF NORTHUMBRIA AT NEWCASTLE@
UK@3@UNIVERSITY OF WALES PRIFYSGOL CYMRU@
UK@1@WARWICK@UNIVERSITY OF WARWICK
UKRAINE@2@V. N. KARAZIN KHARKIV NATIONAL UNIVERSITY@
US@3@CFA INSTITUTE@
US@1@CHICAGO@UNIVERSITY OF CHICAGO
US@1@CMU@CARNEGIE MELLON UNIVERSITY
US@1@COLUMBIA@COLUMBIA UNIVERSITY
US@1@CONNECTICUT@UNIVERSITY OF CONNECTICUT
US@4@COURSERA@
US@3@DEAN COLLEGE@
US@2@EMORY@EMORY UNIVERSITY
US@1@GTECH@GEORGIA INSTITUTE OF TECHNOLOGY
US@0@HARVARD@HARVARD UNIVERSITY
US@2@ILLINOIS INSTITUTE OF TECHNOLOGY@
US@1@ILLINOIS(UC)@UNIVERSITY OF ILLINOIS AT URBANA-CHAMPAIGN
US@1@INDIANA@INDIANA UNIVERSITY, BLOOMINGTON
US@2@LOUISIANA STATE@LOUISIANA STATE UNIVERSITY
US@1@MARYLAND@UNIVERSITY OF MARYLAND
US@1@MICHIGAN@UNIVERSITY OF MICHIGAN, ANN ARBOR
US@2@MIDDLEBURY COLLEGE@
US@2@MISSOURI@UNIVERSITY OF MISSOURI
US@0@MIT@MASSACHUSETTS INSTITUTE OF TECHNOLOGY
US@1@NYU@NEW YORK UNIVERSITY
CN@3@NYU(Shanghai)@NEW YORK UNIVERSITY SHANGHAI
US@2@OSU@THE OHIO STATE UNIVERSITY
US@1@PURDUE@PURDUE UNIVERSITY
US@2@ROSE-HULMAN INSTITUTE OF TECHNOLOGY@
US@1@RPI@RENSSELAER POLYTECHNIC INSTITUTE, TROY, NEW YORK
US@2@SAN FRANCISCO@UNIVERSITY OF SAN FRANCISCO
US@0@STANFORD@STANFORD UNIVERSITY
US@1@STONY BROOK UNIVERSITY@
US@1@SUNY(BUFFALO)@UNIVERSITY AT BUFFALO, THE STATE UNIVERSITY OF NEW YORK
US@2@SYRACUSE@SYRACUSE UNIVERSITY
US@1@TAMU@TEXAS A&M UNIVERSITY, CORPUS CHRISTI
US@0@UC(BERKELEY)@UNIVERSITY OF CALIFORNIA [BERKELEY]
US@1@UC(DAVIS)@UNIVERSITY OF CALIFORNIA [DAVIS]
US@1@UC(IRVINE)@UNIVERSITY OF CALIFORNIA [IRVINE]
US@1@UC(RIVERSIDE)@UNIVERSITY OF CALIFORNIA [RIVERSIDE]
US@1@UC(SANTA BARBARA)@UNIVERSITY OF CALIFORNIA [SANTA BARBARA]
US@1@UCLA@UNIVERSITY OF CALIFORNIA, LOS ANGELES
US@1@UCSD@UNIVERSITY OF CALIFORNIA [SAN DIEGO]
US@1@UNC@UNIVERSITY OF NORTH CAROLINA, CHAPEL HILL
US@1@UNC(CHARLOTTE)@UNIVERSITY OF NORTH CAROLINA AT CHARLOTTE
US@1@UNIVERSITY OF GEORGIA@
US@1@VIRGINIA@UNIVERSITY OF VIRGINIA
US@1@WISCONSIN-MADISON@UNIVERSITY OF WISCONSIN-MADISON
US@2@GWU@THE GEORGE WASHINGTON UNIVERSITY
US@4@WORLDQUANT UNIVERSITY@
US@1@UPenn@
RU@1@Moscow State Univ@
VN@1@HCMUT@HO CHI MINH CITY UNIVERSITY OF TECHNOLOGY
VN@1@UNIVERSITY OF NATURAL SCIENCE@
UK@4@@LIVERPOOL JOHN MOORES UNIVERSITY@
CN@2@@ARMY ENGINEERING UNIVERSITY OF THE PLA@
CN@4@@CHANG AN UNIVERSITY, XI'AN@
CN@2@@CHINA UNIVERSITY OF GEOSCIENCES@
CN@2@@CHINA UNIVERSITY OF PETROLEUM (EAST CHINA)@
CN@3@@GUANGDONG UNIVERSITY OF FOREIGN STUDIES@
CN@3@@GUANGXI UNIVERSITY@
CN@5@@HUNAN CITY UNIVERSITY@
CN@4@@HUNAN UNIVERSITY OF TECHNOLOGY@
CN@2@NWPU@NORTHWESTERN POLYTECHNICAL UNIVERSITY@
CN@3@@QINGDAO UNIVERSITY@
CN@2@@SHAANXI NORMAL UNIVERSITY@
CN@4@@SHANGHAI LIXIN UNIVERSITY OF ACCOUNTING AND FINANCE@
CN@4@SICHUAN(Agri)@SICHUAN AGRICULTURAL UNIVERSITY@
CN@2@@SOUTH-CENTRAL UNIVERSITY FOR NATIONALITIES@
IN@2@@APJ ABDUL KALAM TECHNICAL UNIVERSITY, KERALA@
IN@2@BPUT@BIJU PATNAIK UNIVERSITY OF TECHNOLOGY, ORISSA, ROURKELA@
IN@2@GCT(COIMBATORE)@GOVERNMENT COLLEGE OF COIMBATORE, COIMBATORE@
IN@3@IIITDM(JABALPUR)@INDIAN INSTITUTE OF INFORMATION TECHNOLOGY DESIGN & MANUFACTURING, JABALPUR@
IN@1@IIM(BANGALORE)@INDIAN INSTITUTE OF MANAGEMENT, BANGALORE@
IN@0@IIT(MADRAS)@INDIAN INSTITUTE OF TECHNOLOGY, MADRAS@
IN@0@IIT(ROPAR)@INDIAN INSTITUTE OF TECHNOLOGY, ROPAR@
IN@1@@INDIAN SCHOOL OF BUSINESS@
IN@3@IIIT(BHUBANESWAR)@INTERNATIONAL INSTITUTE OF INFORMATION TECHNOLOGY (IIIT), BHUBANESWAR@
IN@1@NIT(WARANGAL)@NATIONAL INSTITUTE OF TECHNOLOGY, WARANGAL@
IN@2@@PANJAB UNIVERSITY@
IN@2@SASTRA@SASTRA UNIVERSITY@
IN@2@SJCE@SRI JAYACHAMARAJENDRA COLLEGE@
IN@2@LMNIIT@THE LNM INSTITUTE OF INFORMATION TECHNOLOGY@
IN@2@VJTI@VEERMATA JIJABAI TECHHNOLOGICAL INSTITUTE@
CA@2@CONCORDIA@CONCORDIA UNIVERSITY@
CA@2@MANITOBA@UNIVERSITY OF MANITOBA@
DK@2@TU DARMSTADT@TECHNICAL UNIVERSITY OF DARMSTADT (TECHNISCHE UNIVERSITAT DARMSTADT)@
FI@2@HAAGA-HELIA@HAAGA-HELIA UNIVERSITY OF APPLIED SCIENCES@
ID@1@ITB@INSTITUTE OF TECHNOLOGY, BANDUNG@
JP@1@@TOHOKU UNIVERSITY@
NZ@1@@AUCKLAND UNIVERSITY OF TECHNOLOGY@
SA@1@@KING FAISAL UNIVERSITY@
CH@1@EPFL@ECOLE POLYTECHNIQUE FEDERALE DE LAUSANNE@
CH@2@@UNIVERSITY OF ST. GALLEN@
TW@1@NCU@NATIONAL CENTRAL UNIVERSITY@
TW@2@NTNU@NATIONAL TAIWAN NORMAL UNIVERSITY@
UAE@2@BIRLA(DUBAI)@BIRLA INSTITUTE OF TECHNOLOGY & SCIENCE, PILANI - DUBAI@
UK@2@LANCASTER@UNIVERSITY OF LANCASTER@
US@2@BOSTON@BOSTON UNIVERSITY@
US@2@BRANDEIS@BRANDEIS UNIVERSITY@
US@2@@COLORADO COLLEGE@
US@2@REED@REED COLLEGE@
US@5@@SOCIETY OF ACTUARIES@
US@2@@ST. LAWRENCE UNIVERSITY@
US@1@COOPER UNION@THE COOPER UNION FOR THE ADVANCEMENT OF SCIENCE AND ART@
US@2@@UNIVERSITY OF CINCINNATI@
US@2@@UNIVERSITY OF DETROIT MERCY@
US@1@@UNIVERSITY OF PITTSBURGH@
US@1@@UNIVERSITY OF WASHINGTON@
CN@2@@NINGBO UNIVERSITY@
CN@2@@NORTHWEST A & F UNIVERSITY@
CN@3@@SHANDONG JIAOTONG UNIVERSITY@
CN@3@@SHANGHAI UNIVERSITY OF ENGINEERING SCIENCE@
CN@3@@SOUTH CHINA AGRICULTURAL UNIVERSITY,GUANGZHOU@
CN@3@@SOUTH CHINA NORMAL UNIVERSITY@
CN@2@USTB@UNIVERSITY OF SCIENCE & TECHNOLOGY BEIJING@
CN@3@XUST@XI'AN UNIV OF SCIENCE AND TECHNOLOGY@
CN@4@XIHUA@XIHUA UNIVERSITY@
IN@2@IIITM@INDIAN INSTITUTE OF INFORMATION TECHNOLOGY AND MANAGEMENT (IIITM)@
IN@2@@MADURAI-KAMARAJ UNIVERSITY@
IN@1@NIT(SRINAGAR)@NATIONAL INSTITUTE OF TECHNOLOGY SRINAGAR@
IN@3@@RAJIV GANDHI PROUDYOGIKI VISHWAVIDYALAYA, BHOPAL@
IN@3@@SARDAR PATEL INSTITUTE OF TECHNOLOGY@
DK@4@@LUEBECK UNIVERSITY OF APPLIED SCIENCES@
US@2@@CASE WESTERN RESERVE UNIVERSITY@
US@3@@CENTRE COLLEGE@
US@4@@EARLHAM COLLEGE@
US@2@@COLLEGE OF WILLIAM AND MARY@
PH@1@@ATENEO DE MANILA UNIVERSITY@
TW@1@NCKU@NATIONAL CHENG KUNG UNIVERSITY@
US@2@@PENNSYLVANIA STATE UNIVERSITY@
US@2@@UNIVERSITY OF ROCHESTER@
US@2@@UNIVERSITY OF WISCONSIN-MILWAUKEE@
CN@2@@NANJING UNIVERSITY OF INFORMATION SCIENCE & TECHNOLOGY@
CN@3@@TIANJIN UNIVERSITY OF TECHNOLOGY@
AU@2@@UNIVERSITY OF NEWCASTLE@
JP@2@@KEIO UNIVERSITY@
JP@2@@SOKA UNIVERSITY@
KR@3@@HANKUK UNIVERSITY OF FOREIGN STUDIES@
UK@3@@TEESSIDE UNIVERSITY@
US@2@@ROCHESTER INSTITUTE OF TECHNOLOGY@
CN@2@USST@UNIVERSITY OF SHANGHAI FOR SCIENCE AND TECHNOLOGY@
IN@3@@SRI MANAKULA VINAYAGAR ENGINEERING COLLEGE@
MY@5@@ASIA PACIFIC UNIVERSITY OF TECHNOLOGY & INNOVATION (APU/APIIT)@
UK@2@@UNIVERSITY OF MANCHESTER INSTITUTE OF SCIENCE & TECHNOLOGY@
CN@4@@BEIJING SPORTS UNIVERSITY@
CN@3@@BEIJING UNIVERSITY OF CHINESE MEDICINE@
CN@4@@CAPITAL UNIVERSITY OF ECONOMICS & BUSINESS@
CN@4@@CHANGCHUN UNIVERSITY OF SCIENCE AND TECHNOLOGY@
CN@3@@CHANGSHA UNIVERSITY OF SCIENCE AND TECHNOLOGY@
CN@5@@CHINA UNIVERSITY OF POLITICAL SCIENCE & LAW@
CN@5@@GUANGZHOU COLLEGE OF COMMERCE@
CN@4@@HANGZHOU NORMAL UNIVERSITY@
CN@4@@HUANAN UNIVERSITY OF SCIENCE & TECHNOLOGY@
CN@4@@JIANGSU UNIVERSITY OF SCIENCE & TECHNOLOGY@
CN@5@@JILIN UNIVERSITY OF FINANCE AND ECONOMICS@
CN@4@@NORTHEAST AGRICULTURAL UNIVERSITY@
CN@4@@SHANGHAI INT'L STUDIES UNIVERSITY@
CN@4@SHNU@SHANGHAI NORMAL UNIVERSITY@
CN@2@SOOCHOW@WENZHENG COLLEGE OF SOOCHOW UNIVERSITY@
IN@2@OSMANIA@OSMANIA UNIVERSITY@
IN@2@NAGPUR@RASHTRASANT TUKADOJI MAHARAJ NAGPUR UNIVERSITY@
IN@2@@UNIVERSITY OF BOMBAY@
CA@1@@THE UNIVERSITY OF BRITISH COLUMBIA (OKANAGAN)@
CA@1@@UBC SAUDER SCHOOL OF BUSINESS@
DK@1@@TECHNICAL UNIVERSITY OF MUNICH (TECHNISCHE UNIVERSITAT MUNCHEN)@
MY@4@INTI@INTI INTERNATIONAL UNIVERSITY & COLLEGES@
SPAIN@2@@UNIVERSITAT POLITECNICA DE CATALUNYA@
UK@2@QUEEN@QUEEN'S UNIVERSITY OF BELFAST@
UK@2@@THE UNIVERSITY OF SHEFFIELD@
UK@2@@UNIVERSITY OF READING@
US@3@@FORDHAM UNIVERSITY@
US@0@@PRINCETON UNIVERSITY@
US@3@@SOUTHERN METHODIST UNIVERSITY@
US@2@TUFTS@TUFTS UNIVERSITY@
US@0@YALE@YALE UNIVERSITY@
SG@4@@MANAGEMENT DEVELOPMENT INSTITUTE OF SINGAPORE@
SG@3@@UNIVERSITY OF NEWCASTLE AUSTRALIA@
CN@3@@JIANGXI UNIVERSITY OF FINANCE & ECONOMICS@
CN@4@@SHANDONG UNIVERSITY OF FINANCE AND ECONOMICS@
UK@2@@LANCASTER UNIVERSITY@
CN@4@@TIANJIN UNIVERSITY OF COMMERCE@
MY@3@@MULTIMEDIA UNIVERSITY@
SG@4@GENERAL ASSEMBLY@GENERAL ASSEMBLY@
CN@4@SUT@SHENYANG UNIVERSITY OF TECHNOLOGY@
CN@2@JIANGSU@JIANGSU UNIVERSITY@
IN@3@MDU@MAHARISHI DAYANAND UNIVERSITY@
SG@8@@NANYANG INSTITUTE OF MANAGEMENT@
US@4@UMFLINT@UNIVERSITY OF MICHIGAN-FLINT@
US@4@OXY@OCCIDENTAL COLLEGE, LOS ANGELES@
US@3@DREXEL@DREXEL UNIVERSITY@
US@4@@CAMPBELL UNIVERSITY@
IN@4@@STELLA MARIS COLLEGE, CHENNAI@
US@2@DARTMOUTH@DARTMOUTH COLLEGE@
UK@3@WESTMINSTER@UNIVERSITY OF WESTMINSTER@
UK@2@BRISTOL@UNIVERSITY OF BRISTOL@
UK@2@BATH@UNIVERSITY OF BATH@
UK@2@BBK@BIRKBECK COLEGE, UNIVERSITY OF LONDON@
PK@3@UET-TAXILA@UNIVERSITY OF ENGINEERING & TECHNOLOGY, TAXILA@
PH@3@ADNU@ATENEO DE NAGA UNIVERSITY@
MY@3@UCSI@UCSI UNIVERSITY@
MY@4@SEGI@SEGI UNIVERSITY@
MO@2@IPM@MACAO POLYTECHNIC INSTITUTE@
FR@1@SUPELEC@CENTRALESUPELEC@
DK@3@CODE@CODE UNIVERSITY OF APPLIED SCIENCES@
CH@3@IMI-LUZERN@IMI - INTERNATIONAL MANAGEMENT INSTITUTE@
CA@2@MCMASTER@MCMASTER UNIVERSITY@
IN@2@TISS@TATA INSTITUTE OF SOCIAL SCIENCES@
IN@3@KLUNIVERSITY@KONERU LAKSHMAIAH UNIVERSITY@
IN@1@IIM@INDIA INSTITUTE OF MANAGEMENT@
IN@2@UNIGOA@GOA UNIVERSITY@
SG@3@JCU-SG@JAMES COOK UNIVERSITY （SINGAPORE）@
AU@2@JCU@JAMES COOK@
US@2@UMM@UNIVERSITY OF MINNESOTA@
US@2@UDEL@UNIVERSITY OF DELAWARE@
US@1@RICE@RICE UNIVERSITY@
US@5@IBM (COURSERA)@
US@3@BRYANT@BRYANT UNIVERSITY@
UK@2@LEICESTER@UNIVERSITY OF LEICESTER@
UK@2@DURHAM@DURHAM UNIVERSITY@
UK@3@BANGOR@BANGOR UNIVERSITY@
TW@2@TAMKANG@TAMKANG UNIVERSITY@
TW@3@SHU@SHIH HSIN UNIVERSITY@
THAILAND@2@CHIANG MAI@CHIANG MAI UNIVERSITY@
NL@2@TILBURG@TILBURG UNIVERSITY [UNIVERSITEIT VAN TILBURG]@
AU@2@VIC@VICTORIA UNIVERSITY@
IN@2@ANNAMALAI@ANNAMALAI UNIVERSITY@
CN@1@UCASS@UNIVERSITY OF CHINESE ACADEMY OF SOCIAL SCIENCES@
CN@5@X@DŌNGBĚI DÀXUÉ 4 / 5000 翻译结果 NORTHEASTERN UNIVERSITY & BGRIMM GROUP@
CN@4@DUFE@DONGBEI UNIVERSITY OF FINANCE & ECONOMICS@
IN@3@UNOM@UNIVERSITY OF MADRAS@
IN@2@JMI@JAMIA MILLIA ISLAMIA, NEW DELHI@
IN@3@CDAC-PUNE@C-DAC, PUNE, INDIA@
PALESTINE@1@NAJAH@AN-NAJAH NATIONAL UNIVERSITY@
US@2@UMASS-BOSTON@UNIVERSITY OF MASSACHUSETTS BOSTON@
UK@4@NAPIER@NAPIER UNIVERSITY, EDINBURGH, SCOTLAND@
AU@2@RMIT@ROYAL MELBOURNE INSTITUTE OF TECHNOLOGY@
IN@3@BURDWAN@BURDWAN UNIVERSITY@
CN@3@HUNNU@HUNAN NORMAL UNIVERSITY@
PH@1@DLSU@DE LA SALLE UNIVERSITY@
US@3@GMU@GEORGE MASON UNIVERSITY, VIRIGNIA@
UK@2@PORT@UNIVERSITY OF PORTSMOUTH@
IN@3@BSAUNIV@B.S. ABDUR RAHMAN UNIVERSITY@
UK@2@GOLDSMITHS@GOLDSMITHS, UNIVERSITY OF LONDON@
ID@3@UNPAR@PARAHYANGAN CATHOLIC UNIVERSITY, INDONESIA@
US@2@UCSC@UNIVERSITY OF CALIFORNIA [SANTA CRUZ]@
US@1@CORNELL@CORNELL UNIVERSITY@
TW@2@NTPU@NATIONAL TAIPEI UNIVERSITY@
JP@2@NIHON-U@NIHON UNIVERSITY@
IN@2@SVNIT@SARDAR VALLABHBHAI NATIONAL INST OF TECH, SURAT@
CN@4@WUYI@WUYI UNIVERSITY@
CN@3@HLJU@HEILONGJIANG UNIVERSITY@
US@2@UMASS-AMHERST@UNIVERSITY OF MASSACHUSETTS AT AMHERST@
SL@1@MORATUWA@UNIVERSITY OF MORATUWA@
IRELAND@2@NUI(GALWAY)@NATIONAL UNIVERSITY OF IRELAND, GALWAY@
CA@1@QUEENSU@QUEEN'S UNIVERSITY@
AU@2@FLINDERS@FLINDERS UNIVERSITY OF SOUTH AUSTRALIA@
IN@2@MSRIT@RAMAIAH INSTITUTE OF TECHNGY@
IN@3@IIIT-BH@INTERNATIONAL INSTITUTE OF INFORMATION TECHNOLOGY BHUBANESWAR@
IN@2@IIST@INDIAN INSTITUTE OF SPACE SCIENCE AND TECHNOLOGY@
